
{"last_tab":"8","layout":"","layout_width":"1200px","container_width":"1200px","page_loader":"","smooth_scroll":"","dev_mode":"","favicon":{"url":"http:\/\/demo.cmssuperheroes.com\/themeforest\/wp-suarez\/wp-content\/themes\/wp_suarez\/images\/logo\/favicon.ico","id":"","height":"","width":"","thumbnail":""},"space_head":"","space_body":"","theme":"wp-suarez","logo":{"url":"http:\/\/demo.cmssuperheroes.com\/themeforest\/wp-suarez\/wp-content\/themes\/wp_suarez\/images\/logo\/logo.png","id":"","height":"","width":"","thumbnail":""},"logo_width":"36px","logo_alignment":"left","margin_logo":"0","padding_logo":"0","logo_header_sticky":{"url":"http:\/\/demo.cmssuperheroes.com\/themeforest\/wp-suarez\/wp-content\/themes\/wp_suarez\/images\/logo\/logo-sticky.png","id":"","height":"","width":"","thumbnail":""},"header_sticky_logo_max_height":"36px","sticky_logo_alignment":"left","sticky_margin_logo":"0","sticky_padding_logo":"0","header_layout":"v1","header_full_width":"","header_fixed_top":"","header_content_widgets":"1","header_content_widgets_columns":"2","header_content_widgets_1":"col-xs-12 col-sm-6 col-md-6 col-lg-6","header_content_widgets_2":"col-xs-12 col-sm-6 col-md-6 col-lg-6","header_headings_color":"","header_text_color":"","header_link_color":"#373737","header_link_hover_color":"#70d2e5","background-header":{"background-color":"transparent","background-repeat":"inherit","background-size":"inherit","background-attachment":"inherit","background-position":"","background-image":"","media":{"id":"","height":"","width":"","thumbnail":""}},"header_transparent":"1.0","header_bg_parallax":"","header_border_bottom":"","header_border_bottom_style":"none","header_border_bottom_height":"0","header_border_bottom_color":{"color":"transparent","alpha":"1.0","rgba":"rgba(0,10,0,1)"},"header_margin":"0","header_padding":"0","header_top_widgets":"1","header_top_bg_color":"#333333","header_top_headings_color":"#FFFFFF","header_top_text_color":"#FFFFFF","header_top_link_color":"#888888","header_top_link_hover_color":"#FFFFFF","header_top_widgets_columns":"2","header_top_widgets_1":"col-xs-12 col-sm-8 col-md-8 col-lg-8","header_top_widgets_2":"col-xs-12 col-sm-4 col-md-4 col-lg-4 text-right","header_top_padding":"12px 0","header_top2_widgets":"1","header_top2_bg_color":"#ffffff","header_top2_headings_color":"#aaaaaa","header_top2_text_color":"#aaaaaa","header_top2_link_color":"#aaaaaa","header_top2_link_hover_color":"#333333","header_top2_widgets_columns":"2","header_top2_widgets_1":"col-xs-12 col-sm-6 col-md-6 col-lg-6","header_top2_widgets_2":"col-xs-12 col-sm-6 col-md-6 col-lg-6 text-right","header_top2_padding":"12px 0","header_top2_widgets_border_color":{"color":"#eeeeee","alpha":"1.0","rgba":"rgba(238,238,238,1)"},"default_search_padding":"0px 10px 0px 10px","default_hidden_sidebar_padding":"0px 10px 0px 10px","header_sticky":"1","sticky_header_full_width":"","header_sticky_tablet":"","header_sticky_mobile":"","header_sticky_bg_color":{"color":"#ffffff","alpha":"1.0","rgba":"rgba(255,255,255,1)"},"header_sticky_border_color":{"color":"#eeeeee","alpha":"1.0","rgba":"rgba(238,238,238,1)"},"header_sticky_height":"60px","sticky_search_padding":"0px 10px 0px 10px","sticky_hidden_sidebar_padding":"0px 10px 0px 10px","header_width":"300px","header_position":"left","header_fixed_menu_appear":"flyout","nav_height":"118px","menu_position":"left","menu_item_button":"","dropdown_menu_width":"250px","menu_first_level_text_uppecase":"uppercase","enable_menu_border":"","menu_border_color":"#373737","arrow_parents_item_menu":"1","menu_bg_color":"transparent","menu_fontsize_first_level":"12px","menu_first_color":"#373737","menu_hover_first_color":"#70d2e5","menu_active_first_color":"#70d2e5","menu_bg_hover_color_first":{"color":"transparent","alpha":"1.0","rgba":"rgba(0,10,0,1)"},"menu_bg_actived_color_first":{"color":"transparent","alpha":"1","rgba":"rgba(0,10,0,1)"},"nav_padding_top":"0","nav_padding_right":"10","nav_padding_bottom":"0","nav_padding_left":"10","nav_margin":"0px","menu_sub_bg_color":"#222222","menu_fontsize_sub_level":"12px","menu_sub_color":"#888888","menu_bg_hover_color":"transparent","menu_sub_hover_color":"#ffffff","menu_sub_active_color":"#ffffff","menu_sub_sep_color":"transparent","sticky_menu_bg_color":"transparent","sticky_menu_fontsize_first_level":"12px","sticky_menu_first_color":"#373737","sticky_menu_hover_first_color":"#70d2e5","sticky_menu_active_first_color":"#70d2e5","sticky_menu_bg_hover_color_first":{"color":"transparent","alpha":"1.0","rgba":"rgba(0,10,0,1)"},"sticky_menu_bg_actived_color_first":{"color":"transparent","alpha":"1","rgba":"rgba(0,10,0,1)"},"sticky_nav_padding_top":"0","sticky_nav_padding_right":"10","sticky_nav_padding_bottom":"0","sticky_nav_padding_left":"10","sticky_nav_margin":"0px","sticky_menu_sub_bg_color":"#222222","sticky_menu_fontsize_sub_level":"12px","sticky_menu_sub_color":"#888888","sticky_menu_bg_hover_color":"transparent","sticky_menu_sub_hover_color":"#ffffff","sticky_menu_sub_active_color":"#ffffff","sticky_menu_sub_sep_color":"transparent","mobile_menu_bg_color":"#373737","mobile_menu_first_color":"#ffffff","mobile_menu_hover_first_color":"#999999","mobile_menu_sub_color":"#999999","mobile_menu_sub_hover_color":"#ffffff","mobile_menu_sub_sep_color":"#999999","enable_hidden_sidebar":"1","hidden_sidebar_position":"right","hidden_sidebar_width":"220px","hidden_sidebar_height":"320px","bottom_1_widgets":"","background-bottom":{"background-color":"#FFFFFF","background-repeat":"inherit","background-size":"inherit","background-attachment":"inherit","background-position":"","background-image":"","media":{"id":"","height":"","width":"","thumbnail":""}},"bottom_1_bg_parallax":"","bottom_1_padding":"","bottom_1_margin":"","bottom_1_widgets_columns":"2","bottom_1_widgets_1":"col-xs-12 col-sm-6 col-md-3 col-lg-3","bottom_1_widgets_2":"col-xs-12 col-sm-6 col-md-3 col-lg-3","bottom_1_widgets_3":"col-xs-12 col-sm-6 col-md-3 col-lg-3","bottom_1_widgets_4":"col-xs-12 col-sm-6 col-md-3 col-lg-3","bottom_1_headings_color":"","bottom_1_text_color":"","bottom_1_link_color":"","bottom_1_link_hover_color":"","footer_layout":"f1","footer_full_width":"","footer_to_top":"1","footer_top_widgets":"1","footer_top_widgets_columns":"4","footer_top_widgets_1":"col-xs-12 col-sm-6 col-md-3 col-lg-3","footer_top_widgets_2":"col-xs-12 col-sm-6 col-md-3 col-lg-3","footer_top_widgets_3":"col-xs-12 col-sm-6 col-md-3 col-lg-3","footer_top_widgets_4":"col-xs-12 col-sm-6 col-md-3 col-lg-3","footer_headings_color":"#ffffff","footer_top_heading_font_size":"14px","footer_top_heading_uppercase":"1","footer_top_heading_style":"1","footer_text_color":"#888888","footer_link_color":"#888888","footer_link_hover_color":"#ffffff","footer_social_color":"#ffffff","footer_social_hover_color":"#333333","footer_top_border_style":"none","footer_top_border_color":"transparent","footer_top_border_width":"0","background-footer-top":{"background-color":"#333333","background-repeat":"inherit","background-size":"inherit","background-attachment":"inherit","background-position":"","background-image":"","media":{"id":"","height":"","width":"","thumbnail":""}},"footer_top_bg_parallax":"","footer_top_padding":"70px 0px","footer_top_margin":"0px","footer_bottom_widgets":"1","footer_bottom_widgets_columns":"1","footer_bottom_widgets_1":"col-xs-12 col-sm-12 col-md-12 col-lg-12","footer_bottom_widgets_2":"col-xs-12 col-sm-12 col-md-12 col-lg-12","text_align_footer_bottom_widgets_1":"center","text_align_footer_bottom_widgets_2":"center","footer_bottom_bg_color":"#ffffff","footer_bottom_headings_color":"#666666","footer_bottom_text_color":"#666666","footer_bottom_link_color":"#666666","footer_bottom_link_hover_color":"#333333","footer_bottom_border_style":"none","footer_bottom_border_color":"transparent","footer_bottom_border_width":"0","footer_bottom_padding":"30px 0","footer_bottom_margin":"0","button_uppercase":"1","button_font_size":"12px","button_font_style":"600normal","button_letter_spacing":"1px","button_padding_top":"11px","button_padding_right":"41px","button_padding_bottom":"11px","button_padding_left":"41px","button_margin":"0","button_border_style":"solid","button_border_width":"1px 1px 1px 1px","button_border_color":"#333333","button_border_color_hover":"#70d2e5","button_border_radius":"0","button_gradient_text_color":"#ffffff","button_gradient_text_color_hover":"#ffffff","button_gradient_top_color":{"color":"#333333","alpha":"1","rgba":"rgba(51,51,51,1)"},"button_gradient_top_color_hover":{"color":"#70d2e5","alpha":"1","rgba":"rgba(112,210,229,1)"},"custom_button_border_style":"solid","custom_button_border_width":"1px 1px 1px 1px","custom_button_border_color":"#333333","custom_button_border_color_hover":"#333333","custom_button_border_radius":"0","custom_button_gradient_text_color":"#333333","custom_button_gradient_text_color_hover":"#ffffff","custom_button_gradient_top_color":{"color":"#fff","alpha":"1","rgba":"rgba(255,255,255,1)"},"custom_button_gradient_top_color_hover":{"color":"#333","alpha":"1","rgba":"rgba(51,51,51,1)"},"button_primary_font_size":"12px","button_primary_border_style":"solid","button_primary_border_color":"#70d2e5","button_primary_border_color_hover":"#70d2e5","button_primary_border_width":"1px 1px 1px 1px","button_primary_border_radius":"0","button_primary_text_color":"#ffffff","button_primary_text_color_hover":"#70d2e5","button_primary_background_color":{"color":"#70d2e5","alpha":"1","rgba":"rgba(112,210,229,1)"},"button_primary_background_color_hover":{"color":"#fff","alpha":"1","rgba":"rgba(255,255,255,1)"},"page_title_boxed":"","page_title_bar_align":"center","title_bar_length":"20","title_bar_size":"36px","page_title_color":"#333333","page_title_border_color":"","page_title_border_top":"","page_title_border_bottom":"","background-page-title":{"background-color":"#f8f8f8","background-repeat":"repeat","background-size":"","background-attachment":"","background-position":"","background-image":"http:\/\/demo.cmssuperheroes.com\/themeforest\/wp-suarez\/wp-content\/themes\/wp_suarez\/images\/bg-page-title-bar.jpg","media":{"id":"","height":"","width":"","thumbnail":""}},"page_title_bg_parallax":"","page_title_padding":"98px 0 118px","page_title_margin":"0 0 100px","breadcrumb_show":"1","breadcrumb_mobile":"","breadcrumb_text_align":"center","breacrumb_home_prefix":"Home","breadcrumbs_text_color":"#878787","breadcrumbs_item_padding":"0 10px 0 0","breadcrumbs_separator":"f105","preset_color_scheme":"preset1","primary_color":"#666666","secondary_color":"#70d2e5","background-body":{"background-color":"#FFFFFF","background-repeat":"inherit","background-size":"inherit","background-attachment":"inherit","background-position":"","background-image":"","media":{"id":"","height":"","width":"","thumbnail":""}},"link_color":"#333333","link_color_hover":"#70d2e5","form_bg_color":"transparent","form_text_color":"#999999","form_field_bg_color":"#ffffff","form_field_bg_color_hover":"#ffffff","form_border_style":"solid","form_border_width":"1px","form_border_color":"#eeeeee","form_border_color_hover":"#70d2e5","form_shadow":"none","form_shadow_hover":"none","form_border_radius":"0","typography_0":{"font-family":"Open Sans","font-options":"","google":"1","font-backup":"","font-weight":"400","font-style":"normal","subsets":"","text-align":"","font-size":"13px","line-height":"26px","letter-spacing":"0.5px","color":"#888888"},"typography_2":{"font-family":"","font-options":"","google":"1","font-backup":"","font-weight":"","font-style":"","subsets":"","text-align":"","font-size":"","line-height":"","letter-spacing":"","color":""},"typography_selector_2":"","typography_h1":{"font-family":"Open Sans","font-options":"","google":"1","font-backup":"","font-weight":"300","font-style":"normal","subsets":"","text-align":"inherit","font-size":"36px","line-height":"36px","letter-spacing":"1px","color":"#333"},"typography_h2":{"font-family":"Open Sans","font-options":"","google":"1","font-backup":"","font-weight":"300","font-style":"normal","subsets":"","text-align":"inherit","font-size":"30px","line-height":"30px","letter-spacing":"1px","color":"#333"},"typography_h3":{"font-family":"Open Sans","font-options":"","google":"1","font-backup":"","font-weight":"400","font-style":"normal","subsets":"","text-align":"inherit","font-size":"20px","line-height":"24px","letter-spacing":"1px","color":"#333"},"typography_h4":{"font-family":"Open Sans","font-options":"","google":"1","font-backup":"","font-weight":"600","font-style":"normal","subsets":"","text-align":"inherit","font-size":"20px","line-height":"20px","letter-spacing":"1px","color":"#333"},"typography_h5":{"font-family":"Open Sans","font-options":"","google":"1","font-backup":"","font-weight":"600","font-style":"normal","subsets":"","text-align":"inherit","font-size":"14px","line-height":"14px","letter-spacing":"1px","color":"#333"},"typography_h6":{"font-family":"Open Sans","font-options":"","google":"1","font-backup":"","font-weight":"600","font-style":"normal","subsets":"","text-align":"inherit","font-size":"14px","line-height":"18px","letter-spacing":"1px","color":"#333"},"typography_3":{"font-family":"Open Sans","font-options":"","google":"1","font-backup":"","font-weight":"400","font-style":"italic","subsets":"","text-align":"","font-size":"","line-height":"","letter-spacing":"","color":""},"typography_selector_3":".font-italic .cshero-testimonial-text, .font-italic .cshero-progress-title .title","typography_4":{"font-family":"Open Sans","font-options":"","google":"1","font-backup":"","font-weight":"","font-style":"300","subsets":"","text-align":"","font-size":"","line-height":"","letter-spacing":"","color":""},"typography_selector_4":".cshero-counter-wrap .counter, .cs-dropcap .cs-dropcap-firstText:first-letter, .progressbar-layout1 .cshero-progress-value, .page-title, .font-light.cs_custom_heading span, .page-template-maintenance2-php #event_countdown span","typography_5":{"font-family":"Open Sans","font-options":"","google":"1","font-backup":"","font-weight":"","font-style":"400","subsets":"","text-align":"","font-size":"","line-height":"","letter-spacing":"","color":""},"typography_selector_5":".cshero-counter-wrap .counter_text, .cs-pricing .cs-pricing-item .jmPrice .number","typography_6":{"font-family":"Open Sans","font-options":"","google":"1","font-backup":"","font-weight":"","font-style":"600","subsets":"","text-align":"","font-size":"","line-height":"","letter-spacing":"","color":""},"typography_selector_6":".csbody .btn, .cshero-fancybox-wrap .cshero-title-main, .postcarousel-layout1 .cshero-carousel-body .cshero-carousel-post-date, .cshero-menu-dropdown > ul > li > a, ul.sub-menu .group > a, .font-bold .wpb_call_text, #cs-page-title-wrapper .sub_header_text, .woo-title-price div, h3.wg-title, .price_slider_amount .price_label, .woocommerce a.button, .cs-related .cs-header h3.cs-title, .cs-product-wrap .product_meta .product-meta-inner, .cs-blog .cs-blog-meta .cs-blog-info a, .woocommerce-cart table.cart td, .woocommerce-cart table.cart th, .woocommerce-cart .cart-collaterals h2, .woocommerce-cart .cart-collaterals h2 a","typography_7":{"font-family":"Open Sans","font-options":"","google":"1","font-backup":"","font-weight":"600","font-style":"italic","subsets":"","text-align":"","font-size":"","line-height":"","letter-spacing":"","color":""},"typography_selector_7":".team-layout1 .cshero-team-info-wrap, .blog-grid-wrap .cs-blog .cs-blog-date, .home-church-wrap h4.cs-heading-tag","typography_8":{"font-family":"","font-options":"","google":"1","font-backup":"","font-weight":"","font-style":"","subsets":"","text-align":"","font-size":"","line-height":"","letter-spacing":"","color":""},"typography_selector_8":"","typography_9":{"font-family":"","font-options":"","google":"1","font-backup":"","font-weight":"","font-style":"","subsets":"","text-align":"","font-size":"","line-height":"","letter-spacing":"","color":""},"typography_selector_9":"","typography_10":{"font-family":"","font-options":"","google":"1","font-backup":"","font-weight":"","font-style":"","subsets":"","text-align":"","font-size":"","line-height":"","letter-spacing":"","color":""},"typography_selector_10":"","typography_11":{"font-family":"","font-options":"","google":"1","font-backup":"","font-weight":"","font-style":"italic","subsets":"","text-align":"","font-size":"","line-height":"","letter-spacing":"","color":""},"typography_selector_11":"","typography_12":{"font-family":"","font-options":"","google":"1","font-backup":"","font-weight":"","font-style":"","subsets":"","text-align":"","font-size":"","line-height":"","letter-spacing":"","color":""},"typography_selector_12":"","blog_layout":"right-fixed","blog_title_heading":"h4","blog_full_content":"1","introtext_length":"30","search_heading":"","search_page_title":"1","search_page_title_animation":"","search_breadcrumbs":"","search_view":"Excerpt","archive_heading":"","archive_page_title":"1","archive_page_title_animation":"","archive_breadcrumbs":"","archive_posts_title":"1","show_full_content":"1","archive_date_format":"F j, Y","archive_post":"base","post_page_title":"1","post_page_title_animation":"","post_breadcrumbs":"1","show_post_title":"1","show_comments_post":"1","show_tags_post":"1","show_social_post":"1","show_navigation_post":"1","post_layout":"right-fixed","post_style":"base","post_featured_images":"1","post_date_format":"F j, Y","page_heading":"","page_page_title":"1","page_page_title_animation":"","page_breadcrumbs":"","show_comments_page":"0","page_layout":"full-fixed","page_featured_images":"1","detail_title_heading":"h3","detail_detail":"1","detail_date":"1","detail_author":"1","detail_category":"1","detail_tags":"1","detail_comments":"1","detail_like":"1","detail_social":"1","show_rating":"","details_portfolio_layout":"vertical-floating-sidebar","details_portfolio_gallery_layout":"grid","enable_one_page":"","page_scroll_speed":"750","page_scroll_offset":"0","page_scroll_easing":"jswing","team_about_title":"A little about me...","team_show_subtitleription":"1","team_excerpt_length":"100","team_show_socials":"1","portfolio_about_title":"About the Project","portfolio_show_subtitleription":"1","portfolio_excerpt_length":"100","portfolio_show_custom_field":"1","portfolio_custom_field_icon":"fa fa-bookmark-o","portfolio_custom_field_title":"Custom Field","portfolio_show_date":"1","portfolio_date_icon":"fa fa-clock-o","portfolio_date_title":"Date","portfolio_show_category":"1","portfolio_category_icon":"fa fa-tags","portfolio_category_title":"Category","portfolio_show_like":"1","portfolio_like_icon":"fa fa-heart-o","portfolio_like_title":"Likes","portfolio_show_share":"1","portfolio_share_title":"Shares","use_font_awesome":"1","use_font_ionicons":"1","404_heading":"","404_page_title":"","404_page_title_animation":"","404_breadcrumbs":"","404_type":"Default","404_image":{"url":"http:\/\/demo.cmssuperheroes.com\/themeforest\/wp-suarez\/wp-content\/themes\/wp_suarez\/images\/404\/spman.jpg","id":"","height":"","width":"","thumbnail":""},"404_page_id":"","woo_full_width":"boxed","woo_show_breadcrumbs":"","woo_number_cols":"3","woo_number_products":"15","custom_css":"                    .custom-menu-bottom .list-unstyled {\r\n                line-height: 33px;\r\n            }\r\n            .testimonial-custom-layout1 .cshero-testimonial-text {\r\n                font-size: 18px;\r\n                font-weight: 300;\r\n                line-height: 32px;\r\n            }\r\n            .testimonial-custom-layout1 .cshero-testimonial-image {\r\n                margin-bottom: 40px;\r\n            }\r\n            .medical-button-lg.buttonstyle .default {\r\n                padding: 15px 30px !important;\r\n            }\r\n\r\n            .italic-minimal {\r\n                font-weight:300;\r\n                font-style:italic;\r\n                letter-spacing:4px;\r\n            }\r\n\r\n            .letter-spacing {\r\n                letter-spacing:4px;   \r\n            }\r\n\r\n            .italic-minimal-footer {\r\n                font-weight:300;\r\n                font-style:italic;\r\n                font-size:16px;\r\n            }\r\n\r\n            .thick {\r\n                font-weight:600;\r\n            }\r\n\r\n            .thin {\r\n                font-weight:300;\r\n            }\r\n\r\n            .small-title {\r\n                letter-spacing:4px;\r\n            }                ","redux-backup":"1"}