
[{"cshero-blog-sidebar":["search-2","recent-posts-2","recent-comments-2","archives-2","categories-2","meta-2"],"cshero-widget-left":["search-5","categories-3","recent-posts-v1-2","recent-comments-3"],"cshero-widget-hidden-menu":["text-12"],"cshero-header-top-widget-1":["text-9"],"cshero-header-top-widget-2":["text-8"],"cshero-header-top2-widget-1":["text-10"],"cshero-header-top2-widget-2":["cs_social_widget-3","widget_cart_search-2"],"cshero-header-content-widget-1":["widget_cart_search-4"],"cshero-header-content-widget-2":["widget_cart_search-3"],"cshero-header-fixed-content-widget":["cs_social_widget-4"],"cshero-footer-widget-1":["text-2","cs_social_widget-2"],"cshero-footer-widget-2":["text-3"],"cshero-footer-widget-3":["text-5"],"cshero-footer-widget-4":["cs_instagram_widget-2"],"cshero-slidingbar-bottom-widget-1":["text-4"],"cshero-slidingbar-newsletter":["newsletterwidget-2"],"woocommerce_sidebar":["woocommerce_price_filter-3","woocommerce_product_categories-2","woocommerce_products-2","woocommerce_recently_viewed_products-2","woocommerce_product_tag_cloud-3"],"megamenu_sidebar1":["cs_social_widget-5"],"cshero-widget-in-content":["cs_recent_post_v2-2"],"cshero-search-area":["search-6"]},{"search":{"2":{"title":""},"5":{"title":""},"6":{"title":""},"_multiwidget":1},"recent-posts":{"2":{"title":"","number":5},"_multiwidget":1},"recent-comments":{"2":{"title":"","number":5},"3":{"title":"","number":5},"_multiwidget":1},"archives":{"2":{"title":"","count":0,"dropdown":0},"_multiwidget":1},"categories":{"2":{"title":"","count":0,"hierarchical":0,"dropdown":0},"3":{"title":"","count":0,"hierarchical":0,"dropdown":0},"_multiwidget":1},"meta":{"2":{"title":""},"_multiwidget":1},"recent-posts-v1":{"2":{"title":"","number":5,"show_date":false},"_multiwidget":1},"text":{"12":{"title":"Welcome to Suarez","text":"Lorem Ipsum is simply dummy text of the printing and typesetting industry. Lorem Ipsum has been the industry's standard dummy text ever since the 1500s, when an unknown printer took a galley of type and scrambled it to make a type specimen book. It has survived not only five centuries, but also the leap into electronic typesetting, remaining essentially unchanged. It was popularised in the 1960s with the release of Letraset sheets containing Lorem Ipsum passages, and more recently with desktop publishing software like Aldus PageMaker including versions of Lorem Ipsum.","filter":false},"9":{"title":"","text":"You can use this \u201cTop Drawer\u201d widget area for any purposes by adding widgets to this area.","filter":false},"8":{"title":"","text":"<ul class=\"widget-login\">\r\n<li> <a href=\"http:\/\/demo.cmssuperheroes.com\/themeforest\/wp-suarez\/wp-login.php\">Log In  <i class=\"fa fa-unlock-alt\"><\/i><\/a><\/li>\r\n<li> <a href=\"http:\/\/demo.cmssuperheroes.com\/themeforest\/wp-suarez\/wp-login.php?action=register\">Sign Up  <i class=\"fa fa-pencil\"><\/i><\/a><\/li>\r\n<\/ul>","filter":false},"10":{"title":"","text":"1800-222-222 <i class=\"fa fa-phone\"><\/i>  <a href=\"#\">mail@mail.com <i class=\"fa fa-envelope-o\"><\/i><\/a>","filter":false},"2":{"title":"","text":"<img src=\"http:\/\/demo.cmssuperheroes.com\/themeforest\/wp-suarez\/wp-content\/uploads\/2014\/12\/footer-logo.png\" alt=\"\" \/>\r\n<br \/>\r\n<br \/>\r\n<div>At Suarez,  clients come first in everything we do. We work hard to satisfy our clients.<\/div>","filter":false},"3":{"title":"ADDITIONAL LINKS","text":"<ul class=\"\">\r\n<li><a href=\"#\">Retina Homepage<\/a><\/li>\r\n<li><a href=\"#\">New Page Examples<\/a><\/li>\r\n<li><a href=\"#\">Parallax Sections<\/a><\/li>\r\n<li><a href=\"#\">Shortcode Central<\/a><\/li>\r\n<li><a href=\"#\">Ultimate Font Collection<\/a><\/li>\r\n<\/ul>\r\n","filter":false},"5":{"title":"Quick Contact","text":"<ul class=\"getTouch\">\r\n\t<li>\r\n\t\t[icon class=\"fa fa-map-marker\" iconsize=\"16px\"]No.200 Joseph Road, Canada[\/icon]\r\n\t<\/li>\r\n\t<li>\r\n\t\t[icon class=\"fa fa-phone\" iconsize=\"16px\"]+44 (0) 800 765 4321[\/icon]\r\n\t<\/li>\r\n<li>\r\n\t\t[icon class=\"fa fa-mobile\" iconsize=\"16px\"]+44 (0) 800 777 4579[\/icon]\r\n\t<\/li>\r\n\t<li>\r\n\t\t[icon class=\"fa fa-envelope\" iconsize=\"16px\"]support@cmssuperheroes.com[\/icon]\r\n\t<\/li>\r\n<\/ul>\r\n\r\n\r\n\r\n","filter":false},"4":{"title":"","text":"\u00a9 Copyright  CMSSupperheroes","filter":false},"_multiwidget":1},"cs_social_widget":{"3":{"title":"","style":"default","align":"text-right","icon_facebook":"fa fa-facebook","link_facebook":"#","icon_rss":"","link_rss":"","icon_youtube":"fa fa-youtube-play","link_youtube":"#","icon_twitter":"fa fa-twitter","link_twitter":"#","icon_google":"","link_google":"","icon_skype":"","link_skype":"","icon_yahoo":"","link_yahoo":"","icon_dribbble":"","link_dribbble":"","icon_flickr":"","link_flickr":"","icon_linkedin":"","link_linkedin":"","icon_vimeo":"","link_vimeo":"","icon_pinterest":"","link_pinterest":"","icon_github":"","link_github":"","icon_instagram":"fa fa-instagram","link_instagram":"#","extra_class":""},"4":{"title":"","style":"default","align":"text-left","icon_facebook":"fa fa-facebook","link_facebook":"#","icon_rss":"fa fa-rss","link_rss":"#","icon_youtube":"fa fa-youtube-play","link_youtube":"#","icon_twitter":"","link_twitter":"","icon_google":"","link_google":"","icon_skype":"","link_skype":"","icon_yahoo":"","link_yahoo":"","icon_dribbble":"","link_dribbble":"","icon_flickr":"","link_flickr":"","icon_linkedin":"","link_linkedin":"","icon_vimeo":"","link_vimeo":"","icon_pinterest":"","link_pinterest":"","icon_github":"","link_github":"","icon_instagram":"","link_instagram":"","extra_class":"","tooltip_pos":"top"},"2":{"title":"","style":"style-3","align":"text-left","icon_facebook":"fa fa-facebook","link_facebook":"#","icon_rss":"","link_rss":"","icon_youtube":"fa fa-youtube-play","link_youtube":"#","icon_twitter":"fa fa-twitter","link_twitter":"#","icon_google":"","link_google":"","icon_skype":"","link_skype":"","icon_yahoo":"","link_yahoo":"","icon_dribbble":"","link_dribbble":"","icon_flickr":"","link_flickr":"","icon_linkedin":"","link_linkedin":"","icon_vimeo":"","link_vimeo":"","icon_pinterest":"","link_pinterest":"","icon_github":"","link_github":"","icon_instagram":"fa fa-instagram","link_instagram":"#","extra_class":""},"5":{"title":"","style":"style-3","align":"text-left","tooltip_pos":"top","icon_facebook":"fa fa-facebook","link_facebook":"#","icon_rss":"","link_rss":"","icon_youtube":"fa fa-youtube","link_youtube":"#","icon_twitter":"fa fa-twitter","link_twitter":"#","icon_google":"","link_google":"","icon_skype":"","link_skype":"","icon_yahoo":"","link_yahoo":"","icon_dribbble":"","link_dribbble":"","icon_flickr":"","link_flickr":"","icon_linkedin":"","link_linkedin":"","icon_vimeo":"","link_vimeo":"","icon_pinterest":"","link_pinterest":"","icon_github":"","link_github":"","icon_instagram":"fa fa-instagram","link_instagram":"#","extra_class":"social-inmenu"},"_multiwidget":1},"widget_cart_search":{"2":{"title":"","show_cart":"1","show_search":"0"},"4":{"title":"","show_cart":"0","show_search":"1"},"3":{"title":"","show_cart":"1","show_search":"0"},"_multiwidget":1},"cs_instagram_widget":{"2":{"title":"From Instagram","username":"darrenseamark","number":"6","columns":"3","size":"thumbnail","target":"_self","link":"","extra_class":""},"_multiwidget":1},"newsletterwidget":{"2":{"title":"","text":null},"_multiwidget":1},"woocommerce_price_filter":{"3":{"title":""},"_multiwidget":1},"woocommerce_product_categories":{"2":{"title":"Categories","orderby":"name","dropdown":0,"count":0,"hierarchical":"1","show_children_only":0},"_multiwidget":1},"woocommerce_products":{"2":{"title":"Best Sellers","number":"5","show":"onsale","orderby":"date","order":"desc","hide_free":0,"show_hidden":0},"_multiwidget":1},"woocommerce_recently_viewed_products":{"2":{"title":"Recent Post","number":"10"},"_multiwidget":1},"woocommerce_product_tag_cloud":{"3":{"title":"Popular Tags"},"_multiwidget":1},"cs_recent_post_v2":{"2":{"title":"","show_date":"1","show_decs":null,"number":3,"extra_class":""},"_multiwidget":1}}]